first_sentence,second_sentence,score,dot_score,cos_score,eucl_score,score_type,score_name
Simpson Strong-Tie 12-Gauge Angle,angle bracket,3.0,10.445158004760742,0.4598475396633148,5.1184955,scale_0_5,score
Simpson Strong-Tie 12-Gauge Angle,l bracket,2.5,2.9600281715393066,0.1276337206363678,6.5139866,scale_0_5,score
BEHR Premium Textured DeckOver 1-gal. #SC-141 Tugboat Wood and Concrete Coating,deck over,3.0,6.886839866638184,0.34092697501182556,6.3307014,scale_0_5,score
Delta Vero 1-Handle Shower Only Faucet Trim Kit in Chrome (Valve Not Included),rain shower head,2.33,6.486392021179199,0.45494845509529114,4.173569,scale_0_5,score
Delta Vero 1-Handle Shower Only Faucet Trim Kit in Chrome (Valve Not Included),shower only faucet,2.67,12.471797943115234,0.6688004732131958,4.470389,scale_0_5,score
Whirlpool 1.9 cu. ft. Over the Range Convection Microwave in Stainless Steel with Sensor Cooking,convection otr,3.0,6.0712080001831055,0.37369516491889954,5.0275517,scale_0_5,score
Whirlpool 1.9 cu. ft. Over the Range Convection Microwave in Stainless Steel with Sensor Cooking,microwave over stove,2.67,11.229792594909668,0.6144160628318787,4.7321506,scale_0_5,score
Whirlpool 1.9 cu. ft. Over the Range Convection Microwave in Stainless Steel with Sensor Cooking,microwaves,3.0,7.048849105834961,0.3868176341056824,5.5266767,scale_0_5,score
Lithonia Lighting Quantum 2-Light Black LED Emergency Fixture Unit,emergency light,2.67,10.155656814575195,0.6645040512084961,3.8259983,scale_0_5,score
House of Fara 3/4 in. x 3 in. x 8 ft. MDF Fluted Casing,mdf 3/4,3.0,7.468557357788086,0.5291776657104492,4.3043423,scale_0_5,score
Valley View Industries Metal Stakes (4-Pack),steele stake,2.67,5.47103214263916,0.343280553817749,4.59922,scale_0_5,score
Toro Personal Pace Recycler 22 in. Variable Speed Self-Propelled Gas Lawn Mower with Briggs &amp; Stratton Engine,briggs and stratton lawn mower,3.0,5.237636566162109,0.5769415497779846,3.2598727,scale_0_5,score
Toro Personal Pace Recycler 22 in. Variable Speed Self-Propelled Gas Lawn Mower with Briggs &amp; Stratton Engine,gas mowe,3.0,3.1772594451904297,0.31428033113479614,4.309535,scale_0_5,score
Toro Personal Pace Recycler 22 in. Variable Speed Self-Propelled Gas Lawn Mower with Briggs &amp; Stratton Engine,honda mower,2.0,6.896937370300293,0.5478878617286682,4.690994,scale_0_5,score
Hampton Bay Caramel Simple Weave Bamboo Rollup Shade - 96 in. W x 72 in. L,hampton bay chestnut pull up shade,2.67,3.446836471557617,0.4393644332885742,3.1697032,scale_0_5,score
InSinkErator SinkTop Switch Single Outlet for InSinkErator Disposers,disposer,2.67,1.5115045309066772,0.0802660807967186,6.341154,scale_0_5,score
Sunjoy Calais 8 ft. x 5 ft. x 8 ft. Steel Tile Fabric Grill Gazebo,grill gazebo,3.0,5.100360870361328,0.3306962251663208,4.7988605,scale_0_5,score
"MD Building Products 36 in. x 36 in. Cloverleaf Aluminum Sheet, Silver",door guards,1.0,2.630486488342285,0.18944475054740906,5.3659286,scale_0_5,score
"MD Building Products 36 in. x 36 in. Cloverleaf Aluminum Sheet, Silver",metal plate cover gcfi,1.67,5.703691005706787,0.4454139173030853,4.3160243,scale_0_5,score
"MD Building Products 36 in. x 36 in. Cloverleaf Aluminum Sheet, Silver",radiator grate,2.33,1.5093927383422852,0.09754883497953415,6.126629,scale_0_5,score
"MD Building Products 36 in. x 36 in. Cloverleaf Aluminum Sheet, Silver",windows screens,2.33,5.667396545410156,0.3479344844818115,5.729836,scale_0_5,score
House of Fara 8 Linear ft. MDF Overlapping Wainscot Interior Paneling Kit,1x1 rail decorative wood,1.33,3.5244109630584717,0.4295944571495056,3.3248513,scale_0_5,score
House of Fara 8 Linear ft. MDF Overlapping Wainscot Interior Paneling Kit,4*8 beadboard paneling,2.67,7.992061138153076,0.5250638723373413,5.793621,scale_0_5,score
House of Fara 8 Linear ft. MDF Overlapping Wainscot Interior Paneling Kit,4x8wood paneling,2.33,7.992061138153076,0.5250638723373413,5.793621,scale_0_5,score
House of Fara 8 Linear ft. MDF Overlapping Wainscot Interior Paneling Kit,MDF 4x8,1.33,4.093660354614258,0.25340941548347473,6.853056,scale_0_5,score
House of Fara 8 Linear ft. MDF Overlapping Wainscot Interior Paneling Kit,wainscot chair rail,2.33,3.4113149642944336,0.377015084028244,3.7506068,scale_0_5,score
House of Fara 8 Linear ft. MDF Overlapping Wainscot Interior Paneling Kit,wainscot plank paneling,2.33,5.102901458740234,0.48969268798828125,3.9743533,scale_0_5,score
1804 Dual Spray Half Pattern 4 in Pop-Up Spray Head,lawn sprkinler,2.0,3.5090441703796387,0.18869148194789886,6.707222,scale_0_5,score
1804 Dual Spray Half Pattern 4 in Pop-Up Spray Head,rainbird sprinkler,2.33,2.1465961933135986,0.15845899283885956,5.1939187,scale_0_5,score
"Samsung 4.2 cu. ft. Front Load Washer with Steam in White, ENERGY STAR",PLATFORM FOR WASHERS,2.67,4.565852165222168,0.3540661334991455,4.495168,scale_0_5,score
"Samsung 4.2 cu. ft. Front Load Washer with Steam in White, ENERGY STAR",samsung front load washer 3.7,2.0,7.4323625564575195,0.7161080837249756,2.6160672,scale_0_5,score
"Samsung 4.2 cu. ft. Front Load Washer with Steam in White, ENERGY STAR",upholstery washing machines with steam,2.33,5.396048545837402,0.4287976026535034,4.184832,scale_0_5,score
Quikrete 80 lb. Crack-Resistant Concrete,CONCRETE & MASONRY CLEANER & ETCHER,3.0,7.279634475708008,0.38699716329574585,4.8253093,scale_0_5,score
Quikrete 80 lb. Crack-Resistant Concrete,concrete for ponds,2.0,10.077736854553223,0.4153797924518585,5.3744993,scale_0_5,score
Quikrete 80 lb. Crack-Resistant Concrete,flexlock for cracks,2.0,3.802673816680908,0.13441887497901917,7.1785603,scale_0_5,score
Nantucket Pavers Patio-on-a-Pallet 10 ft. x 10 ft. Concrete Tan Variegated Basketweave Yorkstone Paver,Belgium block pavers,2.0,3.083308458328247,0.3313199579715729,3.7707236,scale_0_5,score
Nantucket Pavers Patio-on-a-Pallet 10 ft. x 10 ft. Concrete Tan Variegated Basketweave Yorkstone Paver,ourdoor patio tile,2.33,5.627744674682617,0.4038337469100952,5.192153,scale_0_5,score
UltraTouch 48 in. x 24 ft. Radiant Barrier,insulation roll,2.33,2.606884479522705,0.17886683344841003,5.2977843,scale_0_5,score
Backyard X-Scapes 6 ft. H. x 16 ft. L Reed Fencing,6ft h bamboo fencing,2.0,5.71441125869751,0.4835668206214905,3.5509255,scale_0_5,score
Backyard X-Scapes 6 ft. H. x 16 ft. L Reed Fencing,balcony privacy screen,2.67,1.713057518005371,0.12132621556520462,5.166106,scale_0_5,score
Backyard X-Scapes 6 ft. H. x 16 ft. L Reed Fencing,bamboo,1.67,2.854583978652954,0.12634000182151794,7.4880853,scale_0_5,score
Backyard X-Scapes 6 ft. H. x 16 ft. L Reed Fencing,privacy lattice panels,2.33,2.8440937995910645,0.19268149137496948,5.129429,scale_0_5,score
Backyard X-Scapes 6 ft. H. x 16 ft. L Reed Fencing,privacy panels,1.67,1.888083815574646,0.11559014022350311,5.762211,scale_0_5,score
DecoArt Americana Decor 16-oz. Whisper Chalky Finish,chalk paint,3.0,5.169007778167725,0.32298755645751953,5.0916624,scale_0_5,score
9.1 in. x 5.8 in. White Designer Shelf Bracket,8 4616809045 9,1.67,5.399469375610352,0.3406673073768616,5.4476905,scale_0_5,score
9.1 in. x 5.8 in. White Designer Shelf Bracket,shelf bracket,3.0,6.820307731628418,0.46602368354797363,4.6901965,scale_0_5,score
9.1 in. x 5.8 in. White Designer Shelf Bracket,white 4shelves,1.67,4.342026233673096,0.23463112115859985,6.6117105,scale_0_5,score
HDX 48 in. W x 72 in. H x 18 in. D Decorative Wire Chrome Finish Commercial Shelving Unit,6 teir shelving,3.0,2.956099271774292,0.39592528343200684,3.0957973,scale_0_5,score
HDX 48 in. W x 72 in. H x 18 in. D Decorative Wire Chrome Finish Commercial Shelving Unit,hdx wire shelving,3.0,2.519202470779419,0.28349024057388306,3.81417,scale_0_5,score
HDX 48 in. W x 72 in. H x 18 in. D Decorative Wire Chrome Finish Commercial Shelving Unit,kitchen  cabinet finishes,1.0,2.2267816066741943,0.2185983806848526,4.4159656,scale_0_5,score
HDX 48 in. W x 72 in. H x 18 in. D Decorative Wire Chrome Finish Commercial Shelving Unit,kitchen wire shelf tiered,3.0,2.7161412239074707,0.28022873401641846,4.097829,scale_0_5,score
HDX 48 in. W x 72 in. H x 18 in. D Decorative Wire Chrome Finish Commercial Shelving Unit,pantry rack,2.67,1.8322741985321045,0.14619126915931702,5.448016,scale_0_5,score
HDX 48 in. W x 72 in. H x 18 in. D Decorative Wire Chrome Finish Commercial Shelving Unit,plastic storage racks,2.67,4.1350531578063965,0.337005078792572,4.8912787,scale_0_5,score
HDX 48 in. W x 72 in. H x 18 in. D Decorative Wire Chrome Finish Commercial Shelving Unit,Shelves Metal,3.0,3.783313751220703,0.2879042625427246,5.3409557,scale_0_5,score
HDX 48 in. W x 72 in. H x 18 in. D Decorative Wire Chrome Finish Commercial Shelving Unit,steel shelving,2.67,3.695565938949585,0.30358532071113586,4.9382463,scale_0_5,score
HDX 48 in. W x 72 in. H x 18 in. D Decorative Wire Chrome Finish Commercial Shelving Unit,storage shelve,3.0,1.4190855026245117,0.12741051614284515,4.9688053,scale_0_5,score
Marshalltown Masonry Brush,mortar tools,1.0,6.338696002960205,0.2960220277309418,5.661551,scale_0_5,score
Rubbermaid 12 in. D Single Track Bracket,12 boltless bracket,2.33,8.592375755310059,0.6764628291130066,3.529125,scale_0_5,score
Rubbermaid 12 in. D Single Track Bracket,12 in.  16 in single track brackets,2.33,6.904667854309082,0.8274747133255005,1.7510451,scale_0_5,score
Rubbermaid 12 in. D Single Track Bracket,12 wire shelf bracket,3.0,6.057048797607422,0.5800597667694092,3.2010002,scale_0_5,score
Rubbermaid 12 in. D Single Track Bracket,shelf track,2.33,5.993630409240723,0.48276805877685547,4.0804067,scale_0_5,score
Husky 9-Pocket Maintenance Pouch,husky tool bag,2.5,9.053109169006348,0.6343629360198975,3.232709,scale_0_5,score
RIDGID X4 18-Volt 1/2 in. Impact Wrench (Tool Only),impact driver drill battery powered,2.33,3.014179229736328,0.2755481004714966,4.068356,scale_0_5,score
RIDGID X4 18-Volt 1/2 in. Impact Wrench (Tool Only),impact wrench,3.0,7.5070953369140625,0.5656681656837463,3.769834,scale_0_5,score
"Emberglow 25,000 BTU Vent-Free Dual Fuel Gas Stove with Thermostat",pellet stove,2.33,10.296738624572754,0.5004143714904785,4.9714866,scale_0_5,score
"Emberglow 25,000 BTU Vent-Free Dual Fuel Gas Stove with Thermostat",register for fuel,2.33,10.06956958770752,0.557060956954956,4.223226,scale_0_5,score
"Emberglow 25,000 BTU Vent-Free Dual Fuel Gas Stove with Thermostat",stove and mi,2.33,6.5421576499938965,0.3788335919380188,4.7671356,scale_0_5,score
"Emberglow 25,000 BTU Vent-Free Dual Fuel Gas Stove with Thermostat",ventless gas stove,3.0,11.968976974487305,0.6940507888793945,3.436392,scale_0_5,score
American Standard Cadet 3 FloWise 2-piece 1.28 GPF Round Front Toilet in Bone,American Standard Bone round toliet,3.0,8.707398414611816,0.8038226366043091,2.527574,scale_0_5,score
American Standard Cadet 3 FloWise 2-piece 1.28 GPF Round Front Toilet in Bone,cadet 3 insulated in bone,2.33,5.028223991394043,0.6003336906433105,2.641565,scale_0_5,score
Sumner Street Home Hardware Grayson 2-1/2 in. Oil Rubbed Bronze Cup Pull,grayson,2.33,2.377373218536377,0.17663967609405518,6.0337806,scale_0_5,score
HDX 6 ft. Heavy Duty Steel Green Painted T-Post,6 stell,2.0,3.5239715576171875,0.3175646662712097,3.9686203,scale_0_5,score
HDX 6 ft. Heavy Duty Steel Green Painted T-Post,fece posts metal,2.0,7.334915637969971,0.48385733366012573,4.5010743,scale_0_5,score
HDX 6 ft. Heavy Duty Steel Green Painted T-Post,green painted pop rivets,2.33,5.6112565994262695,0.49624133110046387,3.4802547,scale_0_5,score
HDX 6 ft. Heavy Duty Steel Green Painted T-Post,post,2.67,4.772347450256348,0.2704344391822815,5.8878922,scale_0_5,score
HDX 6 ft. Heavy Duty Steel Green Painted T-Post,wire fencing 6 ft high,1.67,6.795289993286133,0.5672585964202881,3.3945618,scale_0_5,score
Crown Bolt 24 in. x 1/2 in. x 12 in. Plain Metal Expanded Sheet,bolt 1/2 in by 12,3.0,8.598854064941406,0.7086101174354553,3.0475233,scale_0_5,score
Crown Bolt 24 in. x 1/2 in. x 12 in. Plain Metal Expanded Sheet,metal sheet,2.33,7.446282386779785,0.46654564142227173,5.0128303,scale_0_5,score
Crown Bolt 24 in. x 1/2 in. x 12 in. Plain Metal Expanded Sheet,sheet metal,3.0,7.446282386779785,0.46654564142227173,5.0128303,scale_0_5,score
Henry 587 4.75 Gal. White Roof Coating,elastomeric roof coating,2.0,5.056786060333252,0.4417377710342407,4.075861,scale_0_5,score
Hampton Bay Beverly Patio Dining Arm Chairs with Custom Cushion (2-Pack),outdoor dining,2.67,11.077600479125977,0.6341394186019897,4.3877654,scale_0_5,score
Hampton Bay Spring Haven Brown All-Weather Wicker Patio Lounge Chair with Sky Blue Cushions,cushions outdoorlounge,3.0,8.486856460571289,0.4366656541824341,5.7727003,scale_0_5,score
Hampton Bay Spring Haven Brown All-Weather Wicker Patio Lounge Chair with Sky Blue Cushions,hampton bay spring,3.0,8.22187328338623,0.5901923775672913,3.7235906,scale_0_5,score
Hampton Bay Spring Haven Brown All-Weather Wicker Patio Lounge Chair with Sky Blue Cushions,outdoorfurniture,2.33,0.0,0.0,3.031304,scale_0_5,score
60 in. x 150 ft. 10/10 Remesh,wiremesh,3.0,0.0,0.0,3.325719,scale_0_5,score
Stanley Doors 36 in. x 80 in. Chatham 3/4 Lite 1-Panel Prefinished Steel Prehung Front Door,front doors,3.0,7.01973819732666,0.46275660395622253,5.456413,scale_0_5,score
Stanley Doors 36 in. x 80 in. Chatham 3/4 Lite 1-Panel Prefinished Steel Prehung Front Door,prehung steel door,3.0,7.183342456817627,0.5352861881256104,4.609494,scale_0_5,score
Stanley Doors 36 in. x 80 in. Chatham 3/4 Lite 1-Panel Prefinished Steel Prehung Front Door,stanley doors,2.67,6.170376777648926,0.541102409362793,3.8821774,scale_0_5,score
MOEN Essie Single-Handle Pull-Down Sprayer Kitchen Faucet in Spot Resist Stainless with Soap Dispenser,kingsley moen kitchen faucet,2.33,6.819714546203613,0.6749823689460754,2.7709692,scale_0_5,score
MOEN Essie Single-Handle Pull-Down Sprayer Kitchen Faucet in Spot Resist Stainless with Soap Dispenser,kitchen sink faucet,3.0,9.281535148620605,0.6997299194335938,3.5950058,scale_0_5,score
MOEN Essie Single-Handle Pull-Down Sprayer Kitchen Faucet in Spot Resist Stainless with Soap Dispenser,pricepfister kitchen faucet g135,2.0,10.98802661895752,0.726630449295044,4.09515,scale_0_5,score
MOEN Essie Single-Handle Pull-Down Sprayer Kitchen Faucet in Spot Resist Stainless with Soap Dispenser,soap dispenser,2.67,9.038121223449707,0.6346020698547363,4.136861,scale_0_5,score
MOEN Essie Single-Handle Pull-Down Sprayer Kitchen Faucet in Spot Resist Stainless with Soap Dispenser,soap dispenser kitchen,2.0,9.090902328491211,0.7286492586135864,3.2422893,scale_0_5,score
Bare Ground 4 Gal. Liquid De-Icer (Case-4),roof melter,1.33,1.7420192956924438,0.11649498343467712,5.2496314,scale_0_5,score
Owens Corning R-19 Kraft Faced Insulation Batts 15 in. x 93 in.,6 kraft faced insulation,2.33,4.685413360595703,0.5945642590522766,2.730654,scale_0_5,score
Owens Corning R-19 Kraft Faced Insulation Batts 15 in. x 93 in.,fiberglass insulation,2.33,5.818881511688232,0.4060019254684448,5.60427,scale_0_5,score
Owens Corning R-19 Kraft Faced Insulation Batts 15 in. x 93 in.,owens corning 7-3,2.0,4.966785430908203,0.46823716163635254,4.0146384,scale_0_5,score
Owens Corning R-19 Kraft Faced Insulation Batts 15 in. x 93 in.,R 15,1.33,3.674130439758301,0.3104938268661499,4.8718586,scale_0_5,score
Owens Corning R-19 Kraft Faced Insulation Batts 15 in. x 93 in.,r19 insulation,3.0,6.867494583129883,0.4014776349067688,6.727687,scale_0_5,score
Gama Sonic 40-LED Rechargeable Battery-Powered Emergency Lantern,battery lanterns,3.0,10.017230987548828,0.6046339273452759,4.134408,scale_0_5,score
Gama Sonic 40-LED Rechargeable Battery-Powered Emergency Lantern,ceiling light battery powered with remote,2.33,5.797590255737305,0.45449864864349365,3.8162234,scale_0_5,score
Gama Sonic 40-LED Rechargeable Battery-Powered Emergency Lantern,emergency light,3.0,6.425699234008789,0.39518600702285767,4.8255243,scale_0_5,score
12 in. Dia. Dark Blue Ceramic Rivage Pot,planters pots,2.67,5.125648021697998,0.37171846628189087,4.960975,scale_0_5,score
RDI Porch and Newel 5 in. x 5 in. x 108 in. Vinyl Turned Fence Post with 5000 lb. Capacity,5x5 post,2.33,2.1123440265655518,0.22319892048835754,4.119801,scale_0_5,score
RDI Porch and Newel 5 in. x 5 in. x 108 in. Vinyl Turned Fence Post with 5000 lb. Capacity,column post,3.0,3.5983400344848633,0.2776833772659302,5.23898,scale_0_5,score
RDI Porch and Newel 5 in. x 5 in. x 108 in. Vinyl Turned Fence Post with 5000 lb. Capacity,post,2.33,3.399794578552246,0.2366442233324051,5.869204,scale_0_5,score
BAZZ 10 ft. Multi-Color Self-Adhesive Cuttable Rope Lighting with Remote Control,bazz lighting,2.0,10.192691802978516,0.5686054229736328,6.063083,scale_0_5,score
BAZZ 10 ft. Multi-Color Self-Adhesive Cuttable Rope Lighting with Remote Control,led rope,2.67,4.873903274536133,0.45576444268226624,3.8291566,scale_0_5,score
BAZZ 10 ft. Multi-Color Self-Adhesive Cuttable Rope Lighting with Remote Control,led strip lights,2.67,4.625606536865234,0.4317392408847809,3.90214,scale_0_5,score
TrafficMASTER Allure 6 in. x 36 in. Cherry Resilient Vinyl Plank Flooring (24 sq. ft. / case),TILES 12*12,2.67,5.085574150085449,0.31092703342437744,6.7665052,scale_0_5,score
Glacier Bay 2-piece High Efficiency Dual Flush Complete Elongated Toilet in White,10  rough toilet bowl,2.33,6.246346473693848,0.5482763648033142,3.3420956,scale_0_5,score
Glacier Bay 2-piece High Efficiency Dual Flush Complete Elongated Toilet in White,delta canister 17,1.33,3.1461048126220703,0.2912535071372986,3.9815297,scale_0_5,score
Glacier Bay 2-piece High Efficiency Dual Flush Complete Elongated Toilet in White,glaciar bay toiled,2.0,4.321246147155762,0.3181248903274536,4.620905,scale_0_5,score
Glacier Bay 2-piece High Efficiency Dual Flush Complete Elongated Toilet in White,glacie bay dual flush,2.33,8.96170425415039,0.7319769859313965,2.839961,scale_0_5,score
Glacier Bay 2-piece High Efficiency Dual Flush Complete Elongated Toilet in White,glacier bay high efficiency toilet fill valve,2.0,8.858309745788574,0.8376030921936035,1.9668729,scale_0_5,score
Glacier Bay 2-piece High Efficiency Dual Flush Complete Elongated Toilet in White,glacier bay tiolet tank lid,2.67,7.901614189147949,0.6087070107460022,3.5127747,scale_0_5,score
Glacier Bay 2-piece High Efficiency Dual Flush Complete Elongated Toilet in White,handicap toilet,2.67,5.282483100891113,0.3654705584049225,4.717504,scale_0_5,score
Glacier Bay 2-piece High Efficiency Dual Flush Complete Elongated Toilet in White,handycap toilets,2.33,7.88412618637085,0.3844861388206482,6.4449816,scale_0_5,score
Glacier Bay 2-piece High Efficiency Dual Flush Complete Elongated Toilet in White,high boy tolet,2.33,7.062064170837402,0.46864408254623413,4.5604687,scale_0_5,score
Glacier Bay 2-piece High Efficiency Dual Flush Complete Elongated Toilet in White,kohler rosario toilet parts,1.33,3.04656982421875,0.340982586145401,3.4331124,scale_0_5,score
Glacier Bay 2-piece High Efficiency Dual Flush Complete Elongated Toilet in White,toilet bowl,2.33,7.756823539733887,0.46493858098983765,5.034016,scale_0_5,score
Glacier Bay 2-piece High Efficiency Dual Flush Complete Elongated Toilet in White,toilet flush kit,2.67,6.468667030334473,0.49271219968795776,3.956242,scale_0_5,score
Glacier Bay 2-piece High Efficiency Dual Flush Complete Elongated Toilet in White,toilet glacier bay,3.0,9.215204238891602,0.6659955978393555,3.516893,scale_0_5,score
"Rheem Performance Plus 50 Gal. Tall 9 Year 40,000 BTU High Efficiency Natural Gas Water Heater",60 heater gallon gas water,2.33,10.45154857635498,0.7996544241905212,2.9712145,scale_0_5,score
"Rheem Performance Plus 50 Gal. Tall 9 Year 40,000 BTU High Efficiency Natural Gas Water Heater",gas wayer heaters,2.0,10.458463668823242,0.6317447423934937,4.6987534,scale_0_5,score
"Rheem Performance Plus 50 Gal. Tall 9 Year 40,000 BTU High Efficiency Natural Gas Water Heater",heater gas,1.67,10.220670700073242,0.6308069229125977,4.590306,scale_0_5,score
"Rheem Performance Plus 50 Gal. Tall 9 Year 40,000 BTU High Efficiency Natural Gas Water Heater",hot water heater cost,2.67,9.129552841186523,0.7304718494415283,3.097311,scale_0_5,score
"Rheem Performance Plus 50 Gal. Tall 9 Year 40,000 BTU High Efficiency Natural Gas Water Heater",hot water heater gas,3.0,10.248458862304688,0.7251395583152771,3.5985522,scale_0_5,score
"Rheem Performance Plus 50 Gal. Tall 9 Year 40,000 BTU High Efficiency Natural Gas Water Heater",rheem gas water heater prog40,2.67,7.997530937194824,0.6517314910888672,3.336934,scale_0_5,score
"Rheem Performance Plus 50 Gal. Tall 9 Year 40,000 BTU High Efficiency Natural Gas Water Heater",rheem water heater gas,3.0,7.997530460357666,0.6517314910888672,3.3369343,scale_0_5,score
"Rheem Performance Plus 50 Gal. Tall 9 Year 40,000 BTU High Efficiency Natural Gas Water Heater",rheem water heater plug,2.33,5.358304023742676,0.4902283549308777,3.5236628,scale_0_5,score
"Rheem Performance Plus 50 Gal. Tall 9 Year 40,000 BTU High Efficiency Natural Gas Water Heater",rheum water heater,3.0,4.839400768280029,0.41590750217437744,3.9369497,scale_0_5,score
"Rheem Performance Plus 50 Gal. Tall 9 Year 40,000 BTU High Efficiency Natural Gas Water Heater",water heater certified,3.0,7.472390174865723,0.6022692918777466,3.5519226,scale_0_5,score
"Rheem Performance Plus 50 Gal. Tall 9 Year 40,000 BTU High Efficiency Natural Gas Water Heater",water heater pans,1.67,6.809790134429932,0.512681245803833,4.1026225,scale_0_5,score
Shark Rotator Slim-Light Lift-Away Vacuum Cleaner,shark vacuum,3.0,15.821831703186035,0.7914139032363892,2.971805,scale_0_5,score
GE 18 in. Direct Wire LED Under Cabinet Light Bar with Hi/Low/Off,under cabinet led,3.0,8.373692512512207,0.6228921413421631,3.960038,scale_0_5,score
GE 18 in. Direct Wire LED Under Cabinet Light Bar with Hi/Low/Off,under cabinet lighting,3.0,7.638104438781738,0.5593464374542236,4.23761,scale_0_5,score
GE 18 in. Direct Wire LED Under Cabinet Light Bar with Hi/Low/Off,under counter fluorescent bar light,2.33,6.864170074462891,0.6242005228996277,3.215068,scale_0_5,score
GE 18 in. Direct Wire LED Under Cabinet Light Bar with Hi/Low/Off,undercounter lighting,3.0,5.746285438537598,0.3014698326587677,6.8176146,scale_0_5,score
Steves &amp; Sons Retrofit Prehung Primed White Steel Patio Door,doors exterior,2.33,7.6161651611328125,0.5426950454711914,4.4132557,scale_0_5,score
Steves &amp; Sons Retrofit Prehung Primed White Steel Patio Door,Double Doors,3.0,6.382645130157471,0.4894392192363739,4.2638397,scale_0_5,score
Steves &amp; Sons Retrofit Prehung Primed White Steel Patio Door,prehung steel door,3.0,10.10942268371582,0.6961718797683716,4.0544353,scale_0_5,score
Steves &amp; Sons Retrofit Prehung Primed White Steel Patio Door,steel patio railings,1.33,8.077993392944336,0.6211036443710327,3.829171,scale_0_5,score
"Duck 1.41 in. x 60 yds. Blue Clean Release Masking Tape, (16-Pack)",3 blue masking tape,1.67,7.0006866455078125,0.7431955933570862,2.6395936,scale_0_5,score
"Duck 1.41 in. x 60 yds. Blue Clean Release Masking Tape, (16-Pack)",masking tape,3.0,7.105313301086426,0.5313344597816467,4.6987276,scale_0_5,score
Kaleen Soho Thames Beige 4 ft. x 6 ft. Area Rug,4x6,3.0,-0.5407178401947021,-0.025923708453774452,7.5018673,scale_0_5,score
4 in. x 4 in. x 5-1/3 ft. Pressure-Treated Pine 2-Hole Fence Corner Post,treated fence posts,3.0,5.232565402984619,0.3976695239543915,4.073558,scale_0_5,score
Mueller Global 3/4 in. Black Malleable Iron Threaded Tee,1/2 x 5 black pipe nipple,1.67,4.763558387756348,0.5053569674491882,3.2179766,scale_0_5,score
Mueller Global 3/4 in. Black Malleable Iron Threaded Tee,galvanized gas tee,3.0,6.3569183349609375,0.5421523451805115,3.7866366,scale_0_5,score
Safavieh Courtyard Natural/Brown 8 ft. 11 in. x 12 ft. Area Rug,area rugs 9x12,2.67,6.466927528381348,0.41394075751304626,4.648753,scale_0_5,score
Frigidaire 18 cu. ft. Top Freezer Refrigerator in Stainless Steel,18  dishwasher,1.67,6.11651611328125,0.4641428291797638,3.838414,scale_0_5,score
STERLING Accord 30 in. x 60 in. x 72 in. Bath and Shower Kit in White,30' x 60 'molded one piece acrylic shower stall,2.33,5.107284069061279,0.6572771072387695,2.3404446,scale_0_5,score
STERLING Accord 30 in. x 60 in. x 72 in. Bath and Shower Kit in White,one piece showers,2.33,3.765695571899414,0.28018638491630554,5.0945115,scale_0_5,score
Corner Baker&#39;s Rack with Slate Top,bakers rack,3.0,10.28057861328125,0.5216370224952698,4.3811584,scale_0_5,score
Shape Products Thick &amp; Strong Flat Area Well Cover,basemetnt window,1.33,7.69515323638916,0.317903995513916,6.373344,scale_0_5,score
Rust-Oleum EpoxyShield 2 gal. Tan 2-Part High-Gloss Epoxy Garage Floor Coating Kit,editing garage floor,2.0,5.295248031616211,0.4702475965023041,3.923141,scale_0_5,score
Rust-Oleum EpoxyShield 2 gal. Tan 2-Part High-Gloss Epoxy Garage Floor Coating Kit,rustollum epoxy,3.0,9.547049522399902,0.5224424004554749,6.2201385,scale_0_5,score
YuTrax Arch XL Folding Aluminum ATV Ramp,car ramps ends,2.0,6.44413948059082,0.46953344345092773,3.9089997,scale_0_5,score
"Werner 7 ft. - 9 ft., 18 in. x 24 in. Compact Aluminum Attic Ladder with 250 lb. Maximum Load Capacity",plexiglas 18' x 24',2.0,7.08436393737793,0.6849911212921143,2.7919998,scale_0_5,score
Melnor Adjustable Rear Trigger Nozzle,melnor,3.0,0.0,0.0,4.6545477,scale_0_5,score
"LG Electronics 5,000 BTU 115-Volt Window Air Conditioner",A/c window unit,3.0,7.682642936706543,0.5644854307174683,3.4890046,scale_0_5,score
"LG Electronics 5,000 BTU 115-Volt Window Air Conditioner",air /heaterconditioner window,3.0,11.834342002868652,0.6411095857620239,4.145163,scale_0_5,score
"LG Electronics 5,000 BTU 115-Volt Window Air Conditioner",room a/c units,2.67,6.775051116943359,0.48355811834335327,3.8647292,scale_0_5,score
"LG Electronics 5,000 BTU 115-Volt Window Air Conditioner",spliter ac unit,2.33,7.978095054626465,0.4434557855129242,4.840788,scale_0_5,score
"LG Electronics 5,000 BTU 115-Volt Window Air Conditioner",window air condit,2.33,7.784676551818848,0.5171757936477661,3.9380226,scale_0_5,score
"LG Electronics 5,000 BTU 115-Volt Window Air Conditioner",Window Unit Air Conditioner/Heater,2.67,11.43233585357666,0.6926896572113037,3.483559,scale_0_5,score
Rust-Oleum Restore 1-gal. 4X Deck Coat,berh deck over,2.33,13.916816711425781,0.5947847962379456,5.3976626,scale_0_5,score
Rust-Oleum Restore 1-gal. 4X Deck Coat,deck over,1.67,13.916816711425781,0.5947847962379456,5.3976626,scale_0_5,score
Rust-Oleum Restore 1-gal. 4X Deck Coat,deck over paint,2.67,10.698003768920898,0.5952357053756714,4.1514587,scale_0_5,score
Rust-Oleum Restore 1-gal. 4X Deck Coat,deckpaint,2.67,0.0,0.0,3.4985456,scale_0_5,score
Rust-Oleum Restore 1-gal. 4X Deck Coat,restore 4x,2.67,10.950057983398438,0.661251425743103,3.5698245,scale_0_5,score
Milwaukee M18 FUEL 18-Volt Brushless Lithium-Ion Hole Hawg 1/2 in. Right Angle Drill (Bare Tool),milwaukee right angle,3.0,4.99015474319458,0.5085133910179138,3.746258,scale_0_5,score
Milwaukee M18 FUEL 18-Volt Brushless Lithium-Ion Hole Hawg 1/2 in. Right Angle Drill (Bare Tool),milwaukee stone hole drill,3.0,5.444195747375488,0.613129734992981,3.1137547,scale_0_5,score
Milwaukee M18 FUEL 18-Volt Brushless Lithium-Ion Hole Hawg 1/2 in. Right Angle Drill (Bare Tool),pneumatic right angle drill,2.67,5.637060165405273,0.636669933795929,3.036658,scale_0_5,score
Milwaukee M18 FUEL 18-Volt Brushless Lithium-Ion Hole Hawg 1/2 in. Right Angle Drill (Bare Tool),right angle drill,3.0,5.87465763092041,0.58565354347229,3.6214085,scale_0_5,score
Ariens Deluxe 28 in. Two-Stage Electric Start Gas Snow Blower with Auto-Turn Steering,28 snow thower,3.0,6.5570220947265625,0.5038002729415894,4.2047873,scale_0_5,score
Ariens Deluxe 28 in. Two-Stage Electric Start Gas Snow Blower with Auto-Turn Steering,gas snowblower trailer,2.33,5.699588775634766,0.5228449702262878,3.5134077,scale_0_5,score
Ariens Deluxe 28 in. Two-Stage Electric Start Gas Snow Blower with Auto-Turn Steering,toro snow blowers gas,1.33,6.662309646606445,0.634687602519989,3.0352306,scale_0_5,score
GE Adora 5.0 cu. ft. Gas Range with Self-Cleaning Convection Oven in Stainless Steel,gas gridlee,2.0,10.875722885131836,0.4880693852901459,6.875482,scale_0_5,score
GE Adora 5.0 cu. ft. Gas Range with Self-Cleaning Convection Oven in Stainless Steel,ge adora range,3.0,5.558840751647949,0.5176535844802856,3.343009,scale_0_5,score
Woodgrain Millwork LWM 623 1/2 in. x 3-1/4 in. x 96 in. Primed MDF Base Moulding,base board molding boundle,2.0,1.9296653270721436,0.1858932375907898,4.3478594,scale_0_5,score
Woodgrain Millwork LWM 623 1/2 in. x 3-1/4 in. x 96 in. Primed MDF Base Moulding,crown molding mdf,2.67,2.5716617107391357,0.24383452534675598,4.258881,scale_0_5,score
Woodgrain Millwork LWM 623 1/2 in. x 3-1/4 in. x 96 in. Primed MDF Base Moulding,wall wood,2.67,-0.03611159324645996,-0.0026267804205417633,5.9106116,scale_0_5,score
Hampton Bay Woodbury 7-Piece Patio Dining Set with Dragonfruit Cushion,hampton bay set 7-piece led aluminum,2.33,7.171990394592285,0.6563050746917725,2.7714775,scale_0_5,score
Gardener&#39;s Blue Ribbon 16 in. Plastic Rolling Plant Caddy,plants moses in a cradle,1.33,3.741222620010376,0.3477683663368225,3.8660574,scale_0_5,score
Dimex EasyFlex 24 ft. Aluminum Landscape Edging Project Kit in Black,landscape edging,3.0,5.413477897644043,0.44733497500419617,4.040004,scale_0_5,score
Intertape Polymer Group PG 21 2.0 in. x 60 yd. Lacquer Resistant Performance Grade Masking Tape (6-Pack),intertape duct tape 3pk,1.67,6.170668601989746,0.4253336489200592,5.473665,scale_0_5,score
Intertape Polymer Group PG 21 2.0 in. x 60 yd. Lacquer Resistant Performance Grade Masking Tape (6-Pack),masking tape,3.0,5.961025238037109,0.4504285454750061,4.9239683,scale_0_5,score
Teks #12 1-1/2 in. External Hex Flange Hex-Head Self-Drilling Screws (80-Pack),1 black self tapping screws,2.67,2.389716148376465,0.2734295129776001,3.6472478,scale_0_5,score
Teks #12 1-1/2 in. External Hex Flange Hex-Head Self-Drilling Screws (80-Pack),1 infloor flange,2.0,5.135092258453369,0.44151073694229126,4.0701313,scale_0_5,score
GE All Purpose Silicone I 10.1-oz. Clear Window and Door Caulk,10 window sping rod,1.67,6.174613952636719,0.48235034942626953,3.7289147,scale_0_5,score
GE All Purpose Silicone I 10.1-oz. Clear Window and Door Caulk,clear silicone caulk windows doors,2.33,11.207258224487305,0.8732322454452515,1.9805589,scale_0_5,score
GE All Purpose Silicone I 10.1-oz. Clear Window and Door Caulk,silicone,3.0,10.356864929199219,0.44362521171569824,6.544947,scale_0_5,score
RIDGID X4 18-Volt Lithium-Ion Cordless Drill and Impact Driver Combo Kit (2-Tool),combo powertool kit,2.67,8.718707084655762,0.635340690612793,3.7379265,scale_0_5,score
RIDGID X4 18-Volt Lithium-Ion Cordless Drill and Impact Driver Combo Kit (2-Tool),desalt impact 18,2.67,1.633320927619934,0.13144934177398682,4.892639,scale_0_5,score
RIDGID X4 18-Volt Lithium-Ion Cordless Drill and Impact Driver Combo Kit (2-Tool),rigid lithium ion batteries fuego drill,2.33,5.278041839599609,0.4967644214630127,3.39175,scale_0_5,score
Sun Joe Shredder Joe 12 in. 13 Amp 16:1 Reduction Ratio Electric Leaf Mulcher/Shredder,chipper,1.25,-0.011590689420700073,-0.0006938502192497253,7.2751555,scale_0_5,score
American Standard Colorado FloWise Elongated Toilet Bowl Only in White,bidet,2.33,-0.2293332815170288,-0.010534636676311493,7.325891,scale_0_5,score
Shark Navigator Lift-Away Deluxe Bagless Vacuum Cleaner with Appliance Wand,shark cleaner,3.0,10.557477951049805,0.6658086776733398,3.8341737,scale_0_5,score
Shark Navigator Lift-Away Deluxe Bagless Vacuum Cleaner with Appliance Wand,shark vacuum,3.0,9.922615051269531,0.662787675857544,3.6225019,scale_0_5,score
Ryobi Expand-It 10 in. Universal Pole Saw Attachment,expand it universal products,2.33,4.491998672485352,0.3810366988182068,4.378354,scale_0_5,score
Ryobi Expand-It 10 in. Universal Pole Saw Attachment,pole saw,2.67,6.889406204223633,0.5850076675415039,3.7854774,scale_0_5,score
Ryobi Expand-It 10 in. Universal Pole Saw Attachment,ryobi pole saw,2.67,7.267163276672363,0.7450451850891113,2.5986054,scale_0_5,score
Ryobi Expand-It 10 in. Universal Pole Saw Attachment,ryobi trimmers,2.67,3.4682421684265137,0.26173967123031616,5.191465,scale_0_5,score
Ryobi Expand-It 10 in. Universal Pole Saw Attachment,trimmer attachment,2.0,2.772373676300049,0.2547592520713806,4.403379,scale_0_5,score
Prime-Line Fiberglass Screening Kit with Rolling Tool,fiberglass repair kit,3.0,11.130120277404785,0.6931345462799072,3.2909842,scale_0_5,score
Prime-Line Fiberglass Screening Kit with Rolling Tool,fiberglass repir kit,1.67,12.79355239868164,0.7250250577926636,3.4301221,scale_0_5,score
Rug Doctor Universal Upholstery Hand Tool Attachment,rug doctor carpet cleaner,2.0,8.38215446472168,0.634748637676239,3.3132365,scale_0_5,score
Amerelle Line Voltage Halogen Bronze Pucks (5-Pack),under cabinet lighting,2.67,4.090681552886963,0.22036895155906677,5.5779505,scale_0_5,score
Baled Pine Straw,pine straw,3.0,22.27853775024414,0.8786041140556335,2.6729813,scale_0_5,score
MasterPiece 71-1/4 in. x 79-1/2 in. Composite Right-Hand Woodgrain Interior Blinds Between Glass Sliding Patio Door,andersen sliding right hand doors with blinds,3.0,5.386184215545654,0.5825243592262268,2.8549032,scale_0_5,score
MasterPiece 71-1/4 in. x 79-1/2 in. Composite Right-Hand Woodgrain Interior Blinds Between Glass Sliding Patio Door,doors exterior,2.0,9.631284713745117,0.6718672513961792,3.9694476,scale_0_5,score
"LG Electronics 10,000 BTU Portable Air Conditioner and Dehumidifier Function with Remote in White",10000 btu portable ac,3.0,5.933189868927002,0.5019047856330872,3.6201606,scale_0_5,score
"LG Electronics 10,000 BTU Portable Air Conditioner and Dehumidifier Function with Remote in White",portable air condtioners,3.0,11.876686096191406,0.7553249597549438,3.73032,scale_0_5,score
Home Decorators Collection Corner Desk in Espresso,computer desk,2.0,10.122941017150879,0.5444563031196594,4.7723794,scale_0_5,score
Jameson Heavy Duty Pruner and Pole Package,tree pruner,2.67,5.856546401977539,0.4048948884010315,4.755436,scale_0_5,score
Purdy 2 in. A. P. All Paints Brush Set (3-Pack),2 paint brush pack,2.67,6.962414741516113,0.697381854057312,2.8471806,scale_0_5,score
Purdy 2 in. A. P. All Paints Brush Set (3-Pack),paint roller inserts,1.0,3.7495858669281006,0.35934966802597046,3.9973707,scale_0_5,score
DEWALT 2.4-amp 1/4-Sheet Pad Sander,hand sander,3.0,8.781549453735352,0.5370509624481201,3.9028034,scale_0_5,score
"Champion Power Equipment 3,100 Watt Gasoline Powered Wireless Remote Start Inverter Generator with Free Cover",inverter generator,3.0,8.316597938537598,0.4839259386062622,5.1450567,scale_0_5,score
Delta Foundations Single-Handle Kitchen Faucet in Chrome,delta faucet handles,3.0,12.43852424621582,0.7368419170379639,3.1192577,scale_0_5,score
Delta Foundations Single-Handle Kitchen Faucet in Chrome,kitchen faucet delta,2.33,15.060206413269043,0.8721570372581482,2.3377142,scale_0_5,score
Delta Foundations Single-Handle Kitchen Faucet in Chrome,kitchen sink faucet,3.0,13.325305938720703,0.7367907166481018,3.3280602,scale_0_5,score
Delta Foundations Single-Handle Kitchen Faucet in Chrome,pricepfister kitchen faucet g135,2.33,16.037622451782227,0.7778400182723999,3.593121,scale_0_5,score
InSinkErator Involve H-View Instant Hot Water Dispenser System in Satin Nickel,hot water dispenser,2.67,12.265621185302734,0.8194624781608582,2.7650301,scale_0_5,score
RapidAir 3/8 in. Plastic Tubing Clamp (12-Pack),plastic tubing,2.33,13.18467903137207,0.6775858998298645,4.3537307,scale_0_5,score
Proslat 32 sq. ft. White Wall Panel Kit,garage chair organizer,1.0,3.6360292434692383,0.29583996534347534,4.227565,scale_0_5,score
Proslat 32 sq. ft. White Wall Panel Kit,slatwall,3.0,0.0,0.0,3.1505418,scale_0_5,score
Proslat 32 sq. ft. White Wall Panel Kit,wall board,2.67,8.385064125061035,0.5176031589508057,4.426623,scale_0_5,score
Proslat 32 sq. ft. White Wall Panel Kit,wall pannels,2.67,10.907352447509766,0.5168992280960083,5.7420316,scale_0_5,score
Sundstrom Safety Silicone Half Mask Respirator,face masks,1.0,8.117855072021484,0.4943644404411316,4.4813337,scale_0_5,score
Sundstrom Safety Silicone Half Mask Respirator,respirator,3.0,14.4221830368042,0.5655904412269592,6.6367083,scale_0_5,score
Terro Outdoor Liquid Ant Stake,ant killer,3.0,5.506779670715332,0.3562970757484436,4.852237,scale_0_5,score
Leaktite 5-gal. Homer Leakproof Lid,5 gal buckets,1.67,1.4832216501235962,0.09614618867635727,5.3177624,scale_0_5,score
Leaktite 5-gal. Homer Leakproof Lid,5gal bucket,1.67,5.809060573577881,0.21633461117744446,6.806815,scale_0_5,score
Leaktite 5-gal. Homer Leakproof Lid,college homer bucket,2.0,6.592685699462891,0.3942778706550598,4.512182,scale_0_5,score
Leaktite 5-gal. Homer Leakproof Lid,paint pails,1.67,3.092148780822754,0.1478201150894165,6.007928,scale_0_5,score
Hampton Bay 66 in. Satin Nickel Floor Lamp,lamp,3.0,8.631105422973633,0.48204952478408813,5.837796,scale_0_5,score
2 in. x 4 in. x 104-5/8 in. Kiln-Dried Whitewood Stud,2*3 stud,2.33,6.406975746154785,0.2615579664707184,7.064461,scale_0_5,score
2 in. x 4 in. x 104-5/8 in. Kiln-Dried Whitewood Stud,2X4 SRUDS,3.0,2.643859624862671,0.12314245849847794,6.7547016,scale_0_5,score
2 in. x 4 in. x 104-5/8 in. Kiln-Dried Whitewood Stud,lumber 2x4,3.0,2.6504974365234375,0.1464216113090515,5.856377,scale_0_5,score
Frost King E/O 84 in. x 110 in. Patio Shrink Window Insulation Kit,frostking window shrink film,2.67,4.396724700927734,0.4482708275318146,3.7324128,scale_0_5,score
Frost King E/O 84 in. x 110 in. Patio Shrink Window Insulation Kit,plastic covers,1.0,4.486767768859863,0.3697003126144409,4.7781487,scale_0_5,score
Frost King E/O 84 in. x 110 in. Patio Shrink Window Insulation Kit,plastic film,1.67,3.6070995330810547,0.2846028804779053,5.1924996,scale_0_5,score
Frost King E/O 84 in. x 110 in. Patio Shrink Window Insulation Kit,window removable weather strip,2.33,4.019464015960693,0.42731088399887085,3.6487477,scale_0_5,score
Frost King E/O 84 in. x 110 in. Patio Shrink Window Insulation Kit,wrap around plastic light covers,1.33,4.192611217498779,0.4247702360153198,3.8152833,scale_0_5,score
Pelican Water 10 GPM Whole House Carbon Water Filter System for Homes with 1-3 Bathrooms,water trap moisture filter,2.0,9.723335266113281,0.6541483402252197,3.5713072,scale_0_5,score
Philips 4 ft. T8 32-Watt Daylight (6500K) ALTO Linear Fluorescent Light Bulb (10-Pack),4   lights bulbs,3.0,8.776617050170898,0.6898988485336304,3.380766,scale_0_5,score
Philips 4 ft. T8 32-Watt Daylight (6500K) ALTO Linear Fluorescent Light Bulb (10-Pack),Florescent Light Bulbs,3.0,9.030299186706543,0.6567758917808533,3.811192,scale_0_5,score
Philips 4 ft. T8 32-Watt Daylight (6500K) ALTO Linear Fluorescent Light Bulb (10-Pack),fluorescent fixture,1.67,7.962623596191406,0.5533824563026428,4.3639064,scale_0_5,score
Philips 4 ft. T8 32-Watt Daylight (6500K) ALTO Linear Fluorescent Light Bulb (10-Pack),fluorescent light  ballet,1.67,7.908967018127441,0.6106067895889282,3.7350192,scale_0_5,score
Philips 4 ft. T8 32-Watt Daylight (6500K) ALTO Linear Fluorescent Light Bulb (10-Pack),t8 light,3.0,8.235527992248535,0.6283749341964722,3.7184308,scale_0_5,score
Philips 4 ft. T8 32-Watt Daylight (6500K) ALTO Linear Fluorescent Light Bulb (10-Pack),violet flourescent light,1.67,5.40989875793457,0.4509977400302887,3.9731708,scale_0_5,score
Honda GCV190 21 in. Variable Speed Self-Propelled Walk-Behind Gas Mower,lawn mower- electic,2.33,4.430046081542969,0.31798648834228516,4.697595,scale_0_5,score
Honda GCV190 21 in. Variable Speed Self-Propelled Walk-Behind Gas Mower,Lawnmowers,3.0,4.200019836425781,0.23761174082756042,6.0041084,scale_0_5,score
ClosetMaid 36 in. Laminated 2-Door Raised Panel Storage Cabinet in White,closetmade,2.0,0.0,0.0,2.5367782,scale_0_5,score
ClosetMaid 36 in. Laminated 2-Door Raised Panel Storage Cabinet in White,closetmaid,2.67,0.0,0.0,2.5367782,scale_0_5,score
ClosetMaid 36 in. Laminated 2-Door Raised Panel Storage Cabinet in White,closetmaid pantry,1.67,1.870093584060669,0.11165604740381241,6.803389,scale_0_5,score
ClosetMaid 36 in. Laminated 2-Door Raised Panel Storage Cabinet in White,storage cabinets,3.0,7.665572166442871,0.5363049507141113,4.7802653,scale_0_5,score
ClosetMaid 36 in. Laminated 2-Door Raised Panel Storage Cabinet in White,white cabinet,3.0,8.79336166381836,0.6476408243179321,4.182743,scale_0_5,score
Frigidaire 4.2 cu. ft. Gas Range in Stainless Steel,24 stainless gas range,2.33,10.147425651550293,0.7701005339622498,2.577958,scale_0_5,score
Frigidaire 4.2 cu. ft. Gas Range in Stainless Steel,frigidaire gas range,3.0,10.175899505615234,0.7240158319473267,2.9713888,scale_0_5,score
Frigidaire 4.2 cu. ft. Gas Range in Stainless Steel,gas range,3.0,11.935358047485352,0.6462595462799072,4.331175,scale_0_5,score
Frigidaire 4.2 cu. ft. Gas Range in Stainless Steel,stainless steel gas stove,3.0,12.173295974731445,0.7305642366409302,3.5128865,scale_0_5,score
Aquatic Gelcoat Repair Kit in White,fiberglass repair kit,2.75,12.124116897583008,0.7050579786300659,3.2689438,scale_0_5,score
Aquatic Gelcoat Repair Kit in White,fiberglass repir kit,2.0,10.42072868347168,0.5514638423919678,4.2842493,scale_0_5,score
32 sq. ft. Ultra True Bead Hardboard Paneling,4*8 beadboard paneling,2.0,9.316261291503906,0.5252799987792969,5.7260337,scale_0_5,score
Armstrong 12 in. x 12 in. Peel and Stick Slate Sand &amp; Sky Vinyl Tile (45 sq. ft. / case),6x6 p sand tile,2.0,5.105110168457031,0.558029055595398,3.081276,scale_0_5,score
Armstrong 12 in. x 12 in. Peel and Stick Slate Sand &amp; Sky Vinyl Tile (45 sq. ft. / case),vinyl tile peel and stick,3.0,6.587160587310791,0.6025758385658264,3.5085235,scale_0_5,score
Everbilt R-Value 6 Reflective Barrier Water Heater Blanket,water heater blanket,3.0,11.645438194274902,0.824270486831665,2.7563198,scale_0_5,score
MARAZZI Montagna Gunstock 6 in. x 24 in. Glazed Porcelain Floor and Wall Tile (14.53 sq. ft. / case),funnel 6 inch,1.0,4.671470642089844,0.47674357891082764,3.8078961,scale_0_5,score
MARAZZI Montagna Gunstock 6 in. x 24 in. Glazed Porcelain Floor and Wall Tile (14.53 sq. ft. / case),greecianmarble floor tile,1.67,7.614928245544434,0.5924314260482788,4.7010307,scale_0_5,score
MARAZZI Montagna Gunstock 6 in. x 24 in. Glazed Porcelain Floor and Wall Tile (14.53 sq. ft. / case),join compound wall tile,2.0,3.3457207679748535,0.38855910301208496,3.5901206,scale_0_5,score
MARAZZI Montagna Gunstock 6 in. x 24 in. Glazed Porcelain Floor and Wall Tile (14.53 sq. ft. / case),lunada bay tile 3' x 6' wall tile,2.0,5.905318737030029,0.6591796278953552,2.993547,scale_0_5,score
MARAZZI Montagna Gunstock 6 in. x 24 in. Glazed Porcelain Floor and Wall Tile (14.53 sq. ft. / case),Montagna rustic,2.0,1.2456080913543701,0.1225445419549942,4.7723236,scale_0_5,score
MARAZZI Montagna Gunstock 6 in. x 24 in. Glazed Porcelain Floor and Wall Tile (14.53 sq. ft. / case),montagnia contina floor tile,2.33,7.614928245544434,0.5924314260482788,4.7010307,scale_0_5,score
MARAZZI Montagna Gunstock 6 in. x 24 in. Glazed Porcelain Floor and Wall Tile (14.53 sq. ft. / case),porcelain tile sealer,2.0,5.341034889221191,0.44994401931762695,4.6807976,scale_0_5,score
MARAZZI Montagna Gunstock 6 in. x 24 in. Glazed Porcelain Floor and Wall Tile (14.53 sq. ft. / case),porcelin floor tile 6x24,2.0,7.614928245544434,0.5924314260482788,4.7010307,scale_0_5,score
MARAZZI Montagna Gunstock 6 in. x 24 in. Glazed Porcelain Floor and Wall Tile (14.53 sq. ft. / case),tiles floor,2.67,7.62381649017334,0.5804044604301453,4.8485575,scale_0_5,score
MARAZZI Montagna Gunstock 6 in. x 24 in. Glazed Porcelain Floor and Wall Tile (14.53 sq. ft. / case),towel rings that look like wood,1.67,1.7163913249969482,0.20387807488441467,3.9383826,scale_0_5,score
4 in. x 4 in. x 4-1/2 ft. Pressure-Treated Pine Double V-Grooved Deck Post,4x4 deck post,2.33,4.857868194580078,0.4507487118244171,3.4918926,scale_0_5,score
4 in. x 4 in. x 4-1/2 ft. Pressure-Treated Pine Double V-Grooved Deck Post,4x4 lumber,3.0,2.9441816806793213,0.20399485528469086,5.1252756,scale_0_5,score
4 in. x 4 in. x 4-1/2 ft. Pressure-Treated Pine Double V-Grooved Deck Post,4x4 lumber not treated,2.67,2.662109851837158,0.22868725657463074,4.328695,scale_0_5,score
4 in. x 4 in. x 4-1/2 ft. Pressure-Treated Pine Double V-Grooved Deck Post,post,2.33,4.509959697723389,0.25270652770996094,5.949128,scale_0_5,score
4 in. x 4 in. x 4-1/2 ft. Pressure-Treated Pine Double V-Grooved Deck Post,pressure treated posts for decks,2.0,2.9331822395324707,0.27716386318206787,3.9472399,scale_0_5,score
Commercial Electric 7 in. White LED Easy Light Ceiling Flushmount Daylight,closet light fixture,3.0,6.520672798156738,0.5567376613616943,3.4294503,scale_0_5,score
Cub Cadet 42 in. and 46 in. LTX and XT1 Bagger,cub cadet 42,3.0,6.210545539855957,0.5859248638153076,3.247803,scale_0_5,score
Cub Cadet 42 in. and 46 in. LTX and XT1 Bagger,cub cadet battery72517063,2.0,6.944755554199219,0.47817325592041016,4.799617,scale_0_5,score
Cub Cadet 42 in. and 46 in. LTX and XT1 Bagger,cub cadet lawn mowers,2.0,4.160710334777832,0.3770425319671631,3.997746,scale_0_5,score
Cub Cadet 42 in. and 46 in. LTX and XT1 Bagger,foof leaf broom,1.0,0.44112178683280945,0.032328274101018906,5.7044244,scale_0_5,score
Cub Cadet 42 in. and 46 in. LTX and XT1 Bagger,lawn tractor,1.0,0.8835025429725647,0.06325370818376541,5.737293,scale_0_5,score
Leviton 15 Amp 3-Way Toggle Switch - White,3 way,2.67,3.026020050048828,0.25435832142829895,4.532293,scale_0_5,score
Leviton 15 Amp 3-Way Toggle Switch - White,3 WAY TOGGLE SWITCH,3.0,6.628538608551025,0.6773313283920288,2.6677985,scale_0_5,score
Leviton 15 Amp 3-Way Toggle Switch - White,three wayy,2.0,0.0,0.0,2.71248,scale_0_5,score
"Reddy Heater 26,000 - 30,000 BTU Infrared Dual-Fuel Wall Heater with Blower",dual wall ducts,1.33,5.112313747406006,0.4037283658981323,4.093475,scale_0_5,score
"Reddy Heater 26,000 - 30,000 BTU Infrared Dual-Fuel Wall Heater with Blower",incide wall heater,2.67,9.198081970214844,0.6209032535552979,3.9081337,scale_0_5,score
Backyard X-Scapes 1 in. D x 6 ft. H x 8 ft. L Stained Mahogany Rolled Bamboo Fence,6ft h bamboo fencing,3.0,5.456195831298828,0.4916304647922516,3.459205,scale_0_5,score
Fiskars Bypass Lopper,hedge shears,3.0,1.3008097410202026,0.057836513966321945,6.585039,scale_0_5,score
KOHLER Memoirs Pedestal Combo Bathroom Sink with Classic Design in White,kohler retro pedestal sink combos,2.67,5.15500545501709,0.645580530166626,2.4178228,scale_0_5,score
KOHLER Memoirs Pedestal Combo Bathroom Sink with Classic Design in White,pedestal sink combo,3.0,6.661631107330322,0.6564291715621948,2.9246564,scale_0_5,score
KOHLER Memoirs Pedestal Combo Bathroom Sink with Classic Design in White,toilet sink,3.0,7.474030494689941,0.5624386072158813,4.2027354,scale_0_5,score
KOHLER Memoirs Pedestal Combo Bathroom Sink with Classic Design in White,westminster pedistal combo,2.33,2.6351895332336426,0.2335132360458374,4.489956,scale_0_5,score
DEWALT 20-Volt Max Lithium-Ion Cordless Combo Kit (9-Tool),dewalt combo kit,3.0,11.829233169555664,0.8117510080337524,2.451334,scale_0_5,score
Aquasana Whole House Water Filtration System,omnifilter,2.33,0.0,0.0,4.5624337,scale_0_5,score
Aquasana Whole House Water Filtration System,water softners,2.33,26.384441375732422,0.7985728979110718,4.526391,scale_0_5,score
Avanti Pro 4 in. Turbo Diamond Blade,lenox diamond blades,2.0,5.459943771362305,0.4753876030445099,3.8037024,scale_0_5,score
"CedarSafe Aromatic Eastern Red Cedar Closet Liner Tongue and Groove Planks, 35 sq. ft.",cedar plank,2.67,6.803912162780762,0.5100253820419312,4.471023,scale_0_5,score
"CedarSafe Aromatic Eastern Red Cedar Closet Liner Tongue and Groove Planks, 35 sq. ft.",wooden planks,3.0,7.510385990142822,0.5059166550636292,5.0013814,scale_0_5,score
Quikrete 10 oz. Liquid Cement Color - Charcoal,colosso,1.0,0.0,0.0,3.5759735,scale_0_5,score
Quikrete 10 oz. Liquid Cement Color - Charcoal,quikrete color,2.67,14.312135696411133,0.574469804763794,5.7185464,scale_0_5,score
Everbilt 3-1/2 in. x 5/8 in. Satin Nickel Radius Door Hinge (3 per Pack),door hinge,3.0,4.07026481628418,0.32823461294174194,4.67918,scale_0_5,score
Everbilt 3-1/2 in. x 5/8 in. Satin Nickel Radius Door Hinge (3 per Pack),exterior door hinges,3.0,3.2757318019866943,0.2822582721710205,4.53525,scale_0_5,score
"Dyna-Glo Pro 125,000 BTU Forced Air LP Gas Portable Heater",kerosene heater,1.0,9.438493728637695,0.5163540840148926,5.032373,scale_0_5,score
"Dyna-Glo Pro 125,000 BTU Forced Air LP Gas Portable Heater",lp gas heaters,2.67,11.737103462219238,0.775088906288147,3.145986,scale_0_5,score
"Dyna-Glo Pro 125,000 BTU Forced Air LP Gas Portable Heater",portable air tank,1.67,10.48879623413086,0.6901298761367798,3.5450606,scale_0_5,score
"Dyna-Glo Pro 125,000 BTU Forced Air LP Gas Portable Heater",thin propane heater,2.33,10.322265625,0.5690714716911316,4.798876,scale_0_5,score
Sundstrom Safety P100 Particulate Filter,respirator,1.33,4.925461769104004,0.17432427406311035,8.087622,scale_0_5,score
Lithonia Lighting 4 ft. Integrated White LED Linear Lite Puff,KITCHEN  LIGHTING,2.67,6.822107791900635,0.5089117288589478,4.7182837,scale_0_5,score
Haier BrewMaster Single Tap Beer Dispenser in Black-DISCONTINUED,beer keg dispenser,3.0,10.395026206970215,0.7273073196411133,3.1101873,scale_0_5,score
Reflectix 24 in. x 100 ft. Double Reflective Insulation with Staple Tab,foil board,1.67,3.3173513412475586,0.2691766917705536,4.84694,scale_0_5,score
Malibu Low Voltage 50-Watt Black Flood Light,malibu lights,3.0,8.701888084411621,0.5579741597175598,4.189907,scale_0_5,score
Hickory Hardware Studio 5 in. Satin Nickel Pull,satin nickel pull,3.0,7.425448894500732,0.683809220790863,3.064819,scale_0_5,score
Miracle-Gro LiquaFeed 16 oz. All-Purpose Plant Food Refills (4-Pack),miricale,2.33,0.0,0.0,2.9779236,scale_0_5,score
"Paslode 3 in. x 0.120-Gauge 30รฅยก Galvanized Ring Shank Paper Tape Framing Nails (2,000-Pack)",galvanized framing nails,2.67,7.528819561004639,0.6382928490638733,3.3683672,scale_0_5,score
"Paslode 3 in. x 0.120-Gauge 30รฅยก Galvanized Ring Shank Paper Tape Framing Nails (2,000-Pack)",paslode framing nails,3.0,8.200055122375488,0.6330921649932861,3.733792,scale_0_5,score
Prime-Line Chrome Showcase Sliding Panel Keyed Lock,locks for sliding doors,3.0,10.456059455871582,0.6961661577224731,3.4371974,scale_0_5,score
Prime-Line Chrome Showcase Sliding Panel Keyed Lock,sliding windos locks,2.33,10.382678985595703,0.6599138975143433,3.766374,scale_0_5,score
Crosley MDF Parsons Pantry Cabinet in White,pantry rack,2.0,4.966246604919434,0.32787230610847473,5.101725,scale_0_5,score
Crosley MDF Parsons Pantry Cabinet in White,storage cabinets,3.0,5.259254455566406,0.3241441547870636,5.4332824,scale_0_5,score
Crosley MDF Parsons Pantry Cabinet in White,white pantry cabinets,2.0,7.892045021057129,0.6235179901123047,3.4392233,scale_0_5,score
Sheetrock Firecode Core 5/8 in. x 4 ft. x 12 ft. Gypsum Board,sheetrock,3.0,3.629603862762451,0.16970320045948029,6.9712124,scale_0_5,score
Bootz Industries Aloha 5 ft. Right Hand Drain Soaking Tub in White,bathrooms,2.0,6.041816234588623,0.31513676047325134,6.7825303,scale_0_5,score
Bootz Industries Aloha 5 ft. Right Hand Drain Soaking Tub in White,bootz,2.67,0.0,0.0,2.6883373,scale_0_5,score
Bootz Industries Aloha 5 ft. Right Hand Drain Soaking Tub in White,main drain tub,1.67,7.469271183013916,0.6558793783187866,3.1989858,scale_0_5,score
Bootz Industries Aloha 5 ft. Right Hand Drain Soaking Tub in White,porcelain,2.33,3.404764413833618,0.17922386527061462,7.096039,scale_0_5,score
Bootz Industries Aloha 5 ft. Right Hand Drain Soaking Tub in White,tub & tile spray on refinishing kit,2.33,4.80771541595459,0.44799870252609253,3.6806102,scale_0_5,score
Rubbermaid 68 in. Utility Single Track Upright,shelf track,2.67,4.947943210601807,0.42155325412750244,4.240052,scale_0_5,score
14 in. Vinyl Coated Scroll Top Border,chicken wire,2.67,6.214786529541016,0.37119558453559875,5.309402,scale_0_5,score
Prepac Elite 32 in. Wood Laminate Cabinet in White,cabinet closet  $100,2.33,5.919599533081055,0.5422964096069336,3.4213445,scale_0_5,score
Prepac Elite 32 in. Wood Laminate Cabinet in White,cabinets pantry,2.33,3.974153995513916,0.2647302746772766,5.4789824,scale_0_5,score
Prepac Elite 32 in. Wood Laminate Cabinet in White,closetmaid pantry,1.67,0.7894651889801025,0.04406356066465378,7.0268083,scale_0_5,score
Prepac Elite 32 in. Wood Laminate Cabinet in White,in stock white cabinets,2.67,6.907497406005859,0.5962255001068115,3.4315817,scale_0_5,score
Prepac Elite 32 in. Wood Laminate Cabinet in White,kitchen cupboards hinges,1.33,2.394272804260254,0.20948708057403564,4.5071225,scale_0_5,score
Prepac Elite 32 in. Wood Laminate Cabinet in White,storage cabinets,3.0,5.052332878112793,0.3304358124732971,5.3857307,scale_0_5,score
Prepac Elite 32 in. Wood Laminate Cabinet in White,wardrobe closet material,1.33,2.9748058319091797,0.2533637583255768,4.4871907,scale_0_5,score
Fiskars 54 in. EZ Reach Stik Tree Pruner,tree pruner,3.0,6.837169647216797,0.5906879901885986,4.219399,scale_0_5,score
Main Door 36 in. x 80 in. Rustic Mahogany Type Prefinished Distressed Solid Wood Speakeasy Prehung Front Door,80 x 36 solid wood,3.0,5.463636875152588,0.6692696809768677,2.7654479,scale_0_5,score
Main Door 36 in. x 80 in. Rustic Mahogany Type Prefinished Distressed Solid Wood Speakeasy Prehung Front Door,front door,3.0,7.90458869934082,0.5764968991279602,5.26716,scale_0_5,score
Main Door 36 in. x 80 in. Rustic Mahogany Type Prefinished Distressed Solid Wood Speakeasy Prehung Front Door,front doors,3.0,7.290043354034424,0.5385662317276001,5.2904134,scale_0_5,score
Main Door 36 in. x 80 in. Rustic Mahogany Type Prefinished Distressed Solid Wood Speakeasy Prehung Front Door,louvre door 36 inch,2.33,4.631741046905518,0.5833694934844971,2.9273334,scale_0_5,score
Main Door 36 in. x 80 in. Rustic Mahogany Type Prefinished Distressed Solid Wood Speakeasy Prehung Front Door,prehung solid core wooden entry door,3.0,5.350449562072754,0.6263735890388489,3.029022,scale_0_5,score
Main Door 36 in. x 80 in. Rustic Mahogany Type Prefinished Distressed Solid Wood Speakeasy Prehung Front Door,rustic door 42x80,2.0,6.292280197143555,0.6162331104278564,3.7057607,scale_0_5,score
DEWALT 20-Volt 3Ah Max Lithium-Ion Battery (2-Pack),20v dewalt kombo,1.67,6.974323272705078,0.39695167541503906,4.622152,scale_0_5,score
DEWALT 20-Volt 3Ah Max Lithium-Ion Battery (2-Pack),dewalt 20v,3.0,8.737614631652832,0.43438661098480225,4.885365,scale_0_5,score
DEWALT 20-Volt 3Ah Max Lithium-Ion Battery (2-Pack),dewalt 7.2volt battery,2.0,16.764894485473633,0.8380122780799866,2.7452893,scale_0_5,score
DEWALT 20-Volt 3Ah Max Lithium-Ion Battery (2-Pack),dewalt battery chargers,2.67,13.062366485595703,0.7233912348747253,3.2062118,scale_0_5,score
DEWALT 20-Volt 3Ah Max Lithium-Ion Battery (2-Pack),DEWALT VACCUM,1.67,9.661506652832031,0.4341612160205841,5.2644343,scale_0_5,score
DEWALT 20-Volt 3Ah Max Lithium-Ion Battery (2-Pack),lithium 20 dewalt,3.0,10.288412094116211,0.6824321746826172,3.1014338,scale_0_5,score
MD Hobby and Craft 12 in. x 12 in. Galvanized Steel Sheet with Magnetic Surface,sheet metal,3.0,8.46961784362793,0.5827678442001343,4.661046,scale_0_5,score
Rheem Performance 10 Gal. 6 Year 2000-Watt Single Element Electric Point-Of-Use Water Heater,element for hot wa,2.0,4.913393974304199,0.4656129777431488,3.4647224,scale_0_5,score
Rheem Performance 10 Gal. 6 Year 2000-Watt Single Element Electric Point-Of-Use Water Heater,water heather,3.0,6.339132785797119,0.4797707200050354,4.11524,scale_0_5,score
Toro 225 mph 390 CFM Electric Super Leaf Blower with Vacuum Shredder,aspiradora,1.33,0.0,0.0,2.7012217,scale_0_5,score
Toro 225 mph 390 CFM Electric Super Leaf Blower with Vacuum Shredder,leaf blower batte,2.67,4.999922752380371,0.4311485290527344,3.9658408,scale_0_5,score
Toro 225 mph 390 CFM Electric Super Leaf Blower with Vacuum Shredder,riobi blower vac 9056,1.67,6.042787551879883,0.4268476366996765,4.7621255,scale_0_5,score
Toro 225 mph 390 CFM Electric Super Leaf Blower with Vacuum Shredder,shredder,2.33,5.370688438415527,0.31347376108169556,6.064982,scale_0_5,score
Toro 225 mph 390 CFM Electric Super Leaf Blower with Vacuum Shredder,yard blowers in stock,2.0,4.319863796234131,0.38434451818466187,3.9962616,scale_0_5,score
Toro 225 mph 390 CFM Electric Super Leaf Blower with Vacuum Shredder,yardman leaf vac,2.33,5.486199378967285,0.4304739534854889,4.3109612,scale_0_5,score
Flowtron 21 in. 5-Amp Electronic Leaf-Eater/Ultimate Mulcher,chipper,2.0,-2.2190065383911133,-0.10225610435009003,7.8376083,scale_0_5,score
Cooper Bussmann GMA 5 Amp Glass Tube Fuse,Fuses,3.0,3.2816014289855957,0.19658058881759644,6.117978,scale_0_5,score
MS International Chiaro Brick 12 in. x 12 in. x 10 mm Tumbled Travertine Mesh-Mounted Mosaic Tile,mosaic  tiles,2.33,6.981368064880371,0.45062756538391113,5.260872,scale_0_5,score
MS International Chiaro Brick 12 in. x 12 in. x 10 mm Tumbled Travertine Mesh-Mounted Mosaic Tile,mosaic tile backsplash,2.67,4.853725910186768,0.3721126317977905,4.6713023,scale_0_5,score
MS International Chiaro Brick 12 in. x 12 in. x 10 mm Tumbled Travertine Mesh-Mounted Mosaic Tile,tile backsplash,3.0,4.1241984367370605,0.2882591485977173,5.317942,scale_0_5,score
MS International Chiaro Brick 12 in. x 12 in. x 10 mm Tumbled Travertine Mesh-Mounted Mosaic Tile,travertine tiles,3.0,5.362521171569824,0.3634883761405945,5.26097,scale_0_5,score
1/2 in. Brass CSST x MIPT Termination Flange,gas tubing,1.67,2.3128561973571777,0.15410348773002625,5.7817054,scale_0_5,score
1/2 in. Brass CSST x MIPT Termination Flange,home-flex,1.33,0.0,0.0,2.7077775,scale_0_5,score
Liberty 3-3/4 in. Steel Bar Pull (25-Pack),bathroom hardware knobs and pulls,2.67,3.338759422302246,0.2826438546180725,4.2101483,scale_0_5,score
Liberty 3-3/4 in. Steel Bar Pull (25-Pack),DRAWEER PULLS,3.0,4.1619672775268555,0.2473728358745575,5.6367407,scale_0_5,score
Liberty 3-3/4 in. Steel Bar Pull (25-Pack),knob,2.33,2.2000083923339844,0.10493490844964981,7.266806,scale_0_5,score
Liberty 3-3/4 in. Steel Bar Pull (25-Pack),knobs for cabinet,3.0,1.5720155239105225,0.10388457775115967,5.571297,scale_0_5,score
PC Products 50ml PC-Clear Liquid Epoxy Cartridge,fiberglass epoxy,2.33,13.169404983520508,0.5132248401641846,5.2484045,scale_0_5,score
PC Products 50ml PC-Clear Liquid Epoxy Cartridge,fiberglass repair kit,1.75,7.935909271240234,0.4046715497970581,4.8364353,scale_0_5,score
Malibu Low Voltage Black Tier Light,malibu lights,3.0,9.145136833190918,0.5286046266555786,4.3450356,scale_0_5,score
WM 356 11/16 in. x 2-1/4 in. x 84 in. Pine Pre-Mitered Casing Set (3-Piece),door trim,2.33,0.5525738000869751,0.037901535630226135,6.012833,scale_0_5,score
Beautyscapes Red Rubber Mulch,bagged cinder mulch,2.33,10.275168418884277,0.4979511499404907,4.565454,scale_0_5,score
Beautyscapes Red Rubber Mulch,red cypress mulch,2.33,16.442325592041016,0.7626705169677734,3.2027426,scale_0_5,score
Beautyscapes Red Rubber Mulch,red mulch,2.67,20.76222801208496,0.8572596311569214,2.6607995,scale_0_5,score
Wired Door Bell Contractor Kit,door bell,3.0,12.899408340454102,0.7572964429855347,3.3229563,scale_0_5,score
Wired Door Bell Contractor Kit,door bell chime,2.33,9.556419372558594,0.6598406434059143,3.2682912,scale_0_5,score
"Sigman 11 ft. 6 in. x 14 ft. 6 in., 8 oz. Canvas Drop Cloth",canvas drop cloth,3.0,5.062787055969238,0.39528870582580566,4.1529956,scale_0_5,score
Sun Joe 14 in. 12 Amp Lawn Electric Mower,bentgrass lawn mower,2.33,5.4297285079956055,0.3928678631782532,4.463619,scale_0_5,score
Sun Joe 14 in. 12 Amp Lawn Electric Mower,electric mower,3.0,10.667311668395996,0.6536417603492737,4.2649207,scale_0_5,score
Sun Joe 14 in. 12 Amp Lawn Electric Mower,kobalt electric mower corded,2.0,4.564235687255859,0.3715105652809143,4.123616,scale_0_5,score
Sun Joe 14 in. 12 Amp Lawn Electric Mower,Lawnmowers,3.0,1.4984509944915771,0.08543579280376434,6.427849,scale_0_5,score
Everbilt 3-1/2 in. x 3-1/2 in. Satin Nickel Square Corner Door Hinge,hindges,2.33,0.0,0.0,2.5052285,scale_0_5,score
JET 12 in. x 21 in. Variable Speed Woodworking Lathe,lathe,3.0,5.198505878448486,0.28157711029052734,6.7620764,scale_0_5,score
House of Fara 7/8 in. x 2-1/2 in. x 8 ft. Hardwood Chair Rail Moulding,chair molding,2.67,3.4597854614257812,0.2880397439002991,4.7327676,scale_0_5,score
House of Fara 7/8 in. x 2-1/2 in. x 8 ft. Hardwood Chair Rail Moulding,chair rail hieght,3.0,3.455672025680542,0.27432653307914734,4.970944,scale_0_5,score
House of Fara 7/8 in. x 2-1/2 in. x 8 ft. Hardwood Chair Rail Moulding,chair rail moulding,3.0,2.94207763671875,0.30480220913887024,3.9070385,scale_0_5,score
Medium Density Fiberboard (Common: 1/4 in. x 2 ft. x 4 ft.; Actual: 0.216 in. x 23.75 in. x 47.75 in.),2x4 board,2.67,0.8822684288024902,0.06226341798901558,5.2891393,scale_0_5,score
Adjust-A-Gate 2 Rail Gate Frame Kit,fence gates,2.67,8.725471496582031,0.4600926339626312,4.825421,scale_0_5,score
Adjust-A-Gate 2 Rail Gate Frame Kit,gate frame block,2.67,11.42516040802002,0.7187927961349487,3.1008036,scale_0_5,score
Adjust-A-Gate 2 Rail Gate Frame Kit,wood fence gate0,2.0,8.91398811340332,0.4797592759132385,4.6681924,scale_0_5,score
Wooster 9 in. Sherlock Roller Frame,roller,1.67,8.399219512939453,0.45791831612586975,6.146826,scale_0_5,score
Mission Split 8 in. x 4 in. x 1.63 in. Tumbled Clay Red Flash Paver,clab,2.67,0.0,0.0,2.4992447,scale_0_5,score
Mission Split 8 in. x 4 in. x 1.63 in. Tumbled Clay Red Flash Paver,paver stones,3.0,2.1522321701049805,0.17544607818126678,5.1023316,scale_0_5,score
Hampton Bay Andrews Patio Chaise Lounge,chaise,2.67,11.473670959472656,0.4967004656791687,5.7398806,scale_0_5,score
Hampton Bay Hawkins 44 in. Tarnished Bronze Ceiling Fan,celling light,1.0,4.316720485687256,0.2821570336818695,6.2067456,scale_0_5,score
Hampton Bay Hawkins 44 in. Tarnished Bronze Ceiling Fan,fan with remote,2.33,3.5230283737182617,0.31688597798347473,4.529576,scale_0_5,score
Hampton Bay Hawkins 44 in. Tarnished Bronze Ceiling Fan,hampton ceiling fans,2.67,6.013363838195801,0.616644024848938,3.2372525,scale_0_5,score
Caravan Sports 9 ft. x 6 ft. Blue Sport Shelter,tent,2.75,5.722292900085449,0.26992565393447876,6.362066,scale_0_5,score
EZ Screen Room 8 ft. x 2 in. x 2 in. Bronze Screen Room Aluminum Extrusion with Spline Track,screen frame,2.67,8.339097023010254,0.581950306892395,4.2354198,scale_0_5,score
Owens Corning R-19 Kraft Faced Insulation Batts 23 in. x 93 in.,fiberglass insulation,2.67,5.608883857727051,0.390086829662323,5.6447577,scale_0_5,score
Owens Corning R-19 Kraft Faced Insulation Batts 23 in. x 93 in.,owens corning 7-3,2.0,5.041092872619629,0.4737088084220886,4.0005193,scale_0_5,score
Owens Corning R-19 Kraft Faced Insulation Batts 23 in. x 93 in.,r19 insulation,3.0,6.646873474121094,0.38732609152793884,6.763021,scale_0_5,score
Rust-Oleum Specialty 1-qt. Biscuit Tub and Tile Refinishing Kit,fiberglass repair kit,1.67,10.3411865234375,0.6206858158111572,3.6564577,scale_0_5,score
Rust-Oleum Specialty 1-qt. Biscuit Tub and Tile Refinishing Kit,fiberglass repir kit,2.0,10.906564712524414,0.5957081913948059,4.0621367,scale_0_5,score
Rust-Oleum Specialty 1-qt. Biscuit Tub and Tile Refinishing Kit,rustoleum tile paint,2.67,12.81237506866455,0.6146109700202942,4.4765406,scale_0_5,score
Rust-Oleum Specialty 1-qt. Biscuit Tub and Tile Refinishing Kit,rustollum epoxy,2.67,8.841663360595703,0.3358355462551117,6.863432,scale_0_5,score
Rust-Oleum Specialty 1-qt. Biscuit Tub and Tile Refinishing Kit,tub repair kit procelian,2.67,11.632402420043945,0.7099696397781372,3.1798246,scale_0_5,score
DEWALT DS 150 Tough System Storage Unit,dewalr tools,1.67,8.494791984558105,0.43432191014289856,5.875196,scale_0_5,score
DEWALT DS 150 Tough System Storage Unit,dewalt tool box,3.0,6.358699798583984,0.5100975036621094,3.6809065,scale_0_5,score
DEWALT DS 150 Tough System Storage Unit,dewalt tough system bin,3.0,5.151845455169678,0.4308489263057709,3.8188365,scale_0_5,score
Werner Job Bucket,werner ladder,1.67,10.63003921508789,0.6132836937904358,3.743342,scale_0_5,score
Hearth &amp; Garden Polyester Offset Patio Umbrella Cover with PVC Coating,patio furniture covers,1.67,9.042728424072266,0.6584241986274719,3.4146943,scale_0_5,score
Henry 3.30 Gal. 208 Wet Patch Roof Cement,5gallon roof patch,2.33,8.865876197814941,0.6438790559768677,3.9512336,scale_0_5,score
Backer-On 1-1/4 in. Zinc-Plated Steel Flat-Head Square Cement Board Screws (200-Pack),1/4 WonderBoard,1.33,9.152629852294922,0.3295957148075104,8.046796,scale_0_5,score
Backer-On 1-1/4 in. Zinc-Plated Steel Flat-Head Square Cement Board Screws (200-Pack),tile backerboard,1.67,7.159205436706543,0.32306623458862305,6.514711,scale_0_5,score
Backer-On 1-1/4 in. Zinc-Plated Steel Flat-Head Square Cement Board Screws (200-Pack),zinc plated flatbraces,1.0,6.16960334777832,0.3363005518913269,5.469208,scale_0_5,score
Hampton Bay Midili 44 in. Brushed Nickel Indoor Ceiling Fan,cieling,2.33,0.0,0.0,2.5055091,scale_0_5,score
Hampton Bay Midili 44 in. Brushed Nickel Indoor Ceiling Fan,control celing fan,1.67,4.634721279144287,0.37740519642829895,4.5860453,scale_0_5,score
Hampton Bay Midili 44 in. Brushed Nickel Indoor Ceiling Fan,fans with remote,3.0,3.809828996658325,0.3068810701370239,4.8176203,scale_0_5,score
Hampton Bay Midili 44 in. Brushed Nickel Indoor Ceiling Fan,Hampton Bay Ceiling Fan with remote,2.67,6.5122785568237305,0.7356594800949097,2.3950067,scale_0_5,score
Hampton Bay Midili 44 in. Brushed Nickel Indoor Ceiling Fan,hampton ceiling fans,3.0,6.769056797027588,0.6577856540679932,3.0997913,scale_0_5,score
Hampton Bay Midili 44 in. Brushed Nickel Indoor Ceiling Fan,remote control ceiling fan replacement parts,2.33,4.163586139678955,0.4709720313549042,3.2248924,scale_0_5,score
House of Fara 7/8 in. x 2-5/8 in. x 8 ft. Basswood Casing/Chair Rail Moulding,chair rail moulding,3.0,1.850236415863037,0.1845589578151703,4.2356977,scale_0_5,score
6 in. x 6 in. x 10 ft. Rough Green Western Red Cedar Timber,6in  by 6 in.lumder,3.0,7.3923234939575195,0.5275731086730957,3.9292622,scale_0_5,score
Summer Infant Sure and Secure 36 in. Extra-Tall Walk-Thru Gate,gates,2.67,6.566695213317871,0.4078828692436218,5.689746,scale_0_5,score
3M Scotch 1.41 in. x 60.1 yds. Painting Production Masking Tape,masking tape,3.0,7.453641414642334,0.5329704284667969,4.6832104,scale_0_5,score
Element Contractor Farm 3/4 in. Dia x 100 ft. Lead Free Water Hose,gilmore 3/4  hose,2.0,4.3163042068481445,0.4340320825576782,3.585094,scale_0_5,score
3M 84 in. x 112 in. Indoor Patio Door Window Insulator Kit,window insulation kit,3.0,6.34821891784668,0.5538954138755798,3.8419905,scale_0_5,score
GAF Tri-Ply 39 in. x 97-1/2 ft. (316 sq. ft.) Modified Bitumen Rolled Roofing in Black,PLY 1/2,1.33,4.397643089294434,0.366682767868042,4.463081,scale_0_5,score
GAF Tri-Ply 39 in. x 97-1/2 ft. (316 sq. ft.) Modified Bitumen Rolled Roofing in Black,roll roofing lap cemet,2.33,3.577625274658203,0.3295779228210449,4.187764,scale_0_5,score
GAF Tri-Ply 39 in. x 97-1/2 ft. (316 sq. ft.) Modified Bitumen Rolled Roofing in Black,rolled roofing,2.67,5.1172990798950195,0.44215720891952515,4.1170664,scale_0_5,score
GAF Tri-Ply 39 in. x 97-1/2 ft. (316 sq. ft.) Modified Bitumen Rolled Roofing in Black,tub materials sheets,1.33,3.396764039993286,0.30734992027282715,4.308755,scale_0_5,score
1/4 in. x 3-3/4 in. x 48 in. 100% Aromatic Eastern Red Cedar Planking,ceadar,2.67,0.0,0.0,2.8255506,scale_0_5,score
1/4 in. x 3-3/4 in. x 48 in. 100% Aromatic Eastern Red Cedar Planking,cedar plank,2.0,3.93141770362854,0.2677282691001892,5.2086096,scale_0_5,score
1/4 in. x 3-3/4 in. x 48 in. 100% Aromatic Eastern Red Cedar Planking,cedart board,2.33,0.8324477672576904,0.04524334520101547,6.980114,scale_0_5,score
Vigoro 0.5 cu. ft. Decorative Stone Red Lava Rock,black rock,2.0,9.123495101928711,0.5625745058059692,4.546306,scale_0_5,score
Vigoro 0.5 cu. ft. Decorative Stone Red Lava Rock,red cypress mulch,1.33,5.955765724182129,0.44211018085479736,4.199925,scale_0_5,score
Vigoro 0.5 cu. ft. Decorative Stone Red Lava Rock,red mulch,1.33,7.084829330444336,0.46815213561058044,4.565451,scale_0_5,score
DecraMold DM L58 - 7/32 in. x 17/32 in. Solid Pine Wall and Cabinet Trim Embossed with a Button Style Design,molding trim,2.67,5.630047798156738,0.3992586135864258,5.16707,scale_0_5,score
BLACK+DECKER 10 in. 6.5 Amp Electric Corded Pole Chain Saw,electric pole,3.0,9.61545181274414,0.6448653936386108,4.3735824,scale_0_5,score
BLACK+DECKER 10 in. 6.5 Amp Electric Corded Pole Chain Saw,pole saw gear,2.67,5.230229377746582,0.4639163613319397,3.8101213,scale_0_5,score
BLACK+DECKER 10 in. 6.5 Amp Electric Corded Pole Chain Saw,pruners,1.0,-0.2074282169342041,-0.010945174843072891,7.615898,scale_0_5,score
BLACK+DECKER 10 in. 6.5 Amp Electric Corded Pole Chain Saw,tree pruner,1.33,2.727919340133667,0.1990109384059906,5.297523,scale_0_5,score
"LG Electronics 4.0 DOE cu. ft. High-Efficiency Front Load Washer in White, ENERGY STAR",electrolux dryer,2.0,3.7297496795654297,0.27081358432769775,5.2577853,scale_0_5,score
"LG Electronics 4.0 DOE cu. ft. High-Efficiency Front Load Washer in White, ENERGY STAR",front load washer and dryer,2.67,5.707988739013672,0.4386402368545532,4.54296,scale_0_5,score
"LG Electronics 4.0 DOE cu. ft. High-Efficiency Front Load Washer in White, ENERGY STAR",frontload washer,3.0,5.895657539367676,0.3305230736732483,6.5248303,scale_0_5,score
"LG Electronics 4.0 DOE cu. ft. High-Efficiency Front Load Washer in White, ENERGY STAR",lg stcking kit,1.33,6.68380069732666,0.48040804266929626,4.724272,scale_0_5,score
"LG Electronics 4.0 DOE cu. ft. High-Efficiency Front Load Washer in White, ENERGY STAR",lg washer/top load,2.0,7.717634201049805,0.627169668674469,3.7328794,scale_0_5,score
"LG Electronics 4.0 DOE cu. ft. High-Efficiency Front Load Washer in White, ENERGY STAR",samsung front load dryer,2.67,6.285857200622559,0.5913397073745728,3.3222158,scale_0_5,score
"LG Electronics 4.0 DOE cu. ft. High-Efficiency Front Load Washer in White, ENERGY STAR",samsung front load washer 3.7,2.0,6.727441787719727,0.6953394412994385,2.6921747,scale_0_5,score
"LG Electronics 4.0 DOE cu. ft. High-Efficiency Front Load Washer in White, ENERGY STAR",samsung washer pedestal,2.33,4.848025321960449,0.4536755084991455,3.754,scale_0_5,score
"LG Electronics 4.0 DOE cu. ft. High-Efficiency Front Load Washer in White, ENERGY STAR",washer   dryer,2.33,5.2795281410217285,0.3266139030456543,5.9396176,scale_0_5,score
"LG Electronics 4.0 DOE cu. ft. High-Efficiency Front Load Washer in White, ENERGY STAR",washer dryer sets,2.0,4.366695404052734,0.36572548747062683,4.3940024,scale_0_5,score
"LG Electronics 4.0 DOE cu. ft. High-Efficiency Front Load Washer in White, ENERGY STAR",whirlpool washer 12 inch pedestal,2.33,3.7002382278442383,0.41150039434432983,3.375071,scale_0_5,score
Reach Barrier 4 ft. x 250 ft. Silvertanium Radiant Barrier Insulation,barreir,2.33,0.0,0.0,3.287344,scale_0_5,score
Reach Barrier 4 ft. x 250 ft. Silvertanium Radiant Barrier Insulation,foam insulation board,1.33,6.838854789733887,0.3980073928833008,4.94467,scale_0_5,score
Reach Barrier 4 ft. x 250 ft. Silvertanium Radiant Barrier Insulation,isolation foil,2.67,3.2869820594787598,0.2031886875629425,5.3337445,scale_0_5,score
Reach Barrier 4 ft. x 250 ft. Silvertanium Radiant Barrier Insulation,reflective foil insulation,3.0,5.501348495483398,0.35271090269088745,4.7239537,scale_0_5,score
"LG Electronics 4.3 cu. ft. High-Efficiency Front Load Washer in White, ENERGY STAR",washer dryer sets,2.0,4.708827018737793,0.3823893070220947,4.3643947,scale_0_5,score
Daltile Briton Bone 3 in. x 12 in. Bullnose Floor and Wall Tile,bullnose tile,2.67,8.601816177368164,0.4557170867919922,6.0525103,scale_0_5,score
Werner 16 ft. Reach Fiberglass Podium Ladder with 300 lb. Load Capacity Type IA Duty Rating (Comparable to 12 ft. Stepladder),ajustable ladder feet,2.67,7.853653907775879,0.6246201992034912,4.2462854,scale_0_5,score
Werner 16 ft. Reach Fiberglass Podium Ladder with 300 lb. Load Capacity Type IA Duty Rating (Comparable to 12 ft. Stepladder),werner ladder,3.0,3.838818311691284,0.35416722297668457,4.340363,scale_0_5,score
JELD-WEN 30 in. x 80 in. Woodgrain Flush Unfinished Hardwood Bored Interior Door Slab,2 panel door,2.0,3.810959815979004,0.4073772430419922,3.9765768,scale_0_5,score
JELD-WEN 30 in. x 80 in. Woodgrain Flush Unfinished Hardwood Bored Interior Door Slab,flush hardwood bifold jeldwen,2.67,4.8676862716674805,0.4865182638168335,4.049742,scale_0_5,score
JELD-WEN 30 in. x 80 in. Woodgrain Flush Unfinished Hardwood Bored Interior Door Slab,interior solid core doors,2.67,4.165574073791504,0.47158122062683105,3.6150448,scale_0_5,score
JELD-WEN 30 in. x 80 in. Woodgrain Flush Unfinished Hardwood Bored Interior Door Slab,jeld wen  lover door,2.33,1.4360880851745605,0.16991572082042694,4.136804,scale_0_5,score
JELD-WEN 30 in. x 80 in. Woodgrain Flush Unfinished Hardwood Bored Interior Door Slab,jeld wen aurora a5001,2.0,-0.7189220190048218,-0.07404763996601105,5.1303825,scale_0_5,score
JELD-WEN 30 in. x 80 in. Woodgrain Flush Unfinished Hardwood Bored Interior Door Slab,unfinished interior doors,2.33,5.758066177368164,0.5932773351669312,3.6541395,scale_0_5,score
JELD-WEN 30 in. x 80 in. Woodgrain Flush Unfinished Hardwood Bored Interior Door Slab,unfinished jeld-wen slab entry door,2.67,4.1627044677734375,0.6068904399871826,2.5354872,scale_0_5,score
JELD-WEN 30 in. x 80 in. Woodgrain Flush Unfinished Hardwood Bored Interior Door Slab,wooden doors,2.33,6.277069091796875,0.511614203453064,4.9396105,scale_0_5,score
Safavieh Courtyard Anthracite/Beige 9 ft. x 12 ft. Area Rug,area rugs 9x12,3.0,8.043474197387695,0.4738970100879669,4.4993424,scale_0_5,score
Milwaukee M12 12-Volt Lithium-Ion Compact Battery (2-Pack),milwakee M12,3.0,9.41146469116211,0.38473713397979736,6.1832585,scale_0_5,score
Milwaukee M12 12-Volt Lithium-Ion Compact Battery (2-Pack),milwaukee m12,1.67,8.462882041931152,0.5141569375991821,4.060234,scale_0_5,score
Milwaukee M12 12-Volt Lithium-Ion Compact Battery (2-Pack),photoelectric/ion with lithium battery,1.67,15.907939910888672,0.6846208572387695,4.584504,scale_0_5,score
Fiskars 12 ft. Telescoping Pruning Stick,pruning saw,1.33,5.146478176116943,0.45439428091049194,3.8369706,scale_0_5,score
Fiskars 12 ft. Telescoping Pruning Stick,tree pruner,2.67,3.3709897994995117,0.24447664618492126,5.182874,scale_0_5,score
Werner Multipurpose Project Tray,werner ladder,1.33,5.936544418334961,0.3726542592048645,4.6007233,scale_0_5,score
Feit Electric 60W Equivalent Red Spiral CFL Light Bulb,60w bulb,3.0,12.854334831237793,0.5966446399688721,5.6607037,scale_0_5,score
RL Flo-Master 1 Gal. Economy Sprayer,ceiling scraper,1.0,0.781336784362793,0.05103293061256409,5.7282953,scale_0_5,score
RL Flo-Master 1 Gal. Economy Sprayer,garden sprayer non pump,2.67,3.5021915435791016,0.3276727795600891,3.8151283,scale_0_5,score
RL Flo-Master 1 Gal. Economy Sprayer,powder shooting hand pump bottle,1.67,2.379438877105713,0.19442149996757507,4.5378175,scale_0_5,score
RL Flo-Master 1 Gal. Economy Sprayer,water,1.0,3.775094985961914,0.1702427864074707,7.366661,scale_0_5,score
RL Flo-Master 1 Gal. Economy Sprayer,weeds spray,2.0,1.568955421447754,0.09524983912706375,5.9308767,scale_0_5,score
Foss Ribbed Taupe 6 ft. x 8 ft. Indoor/Outdoor Area Rug,foss rug,2.67,4.5337066650390625,0.3764494061470032,4.2859015,scale_0_5,score
Foss Ribbed Taupe 6 ft. x 8 ft. Indoor/Outdoor Area Rug,indoor * outdoor rug 21' x 15',2.67,5.556541919708252,0.5599260330200195,3.1322088,scale_0_5,score
CAT 1000-Watt Power Inverter,inverter generator,2.67,16.598848342895508,0.667656421661377,4.387032,scale_0_5,score
Whirlpool Refrigerator Water Supply Kit,plastic tubing,1.67,10.719883918762207,0.46879783272743225,5.3002877,scale_0_5,score
Whirlpool Refrigerator Water Supply Kit,water pex tubing,1.33,9.02320384979248,0.5160448551177979,4.153386,scale_0_5,score
"Werner 8 ft. - 10 ft., 22.5 in. x 54 in. Energy Seal Aluminum Attic Ladder Universal Fit with 375 lb. Maximum Load Capacity",attic ladder,3.0,3.7302193641662598,0.3236677348613739,4.6868186,scale_0_5,score
